{"cameraMode":{"drawMode":0,"name":"Shaded","section":"Shading Mode"},"sceneLighting":true,"audioPlay":false,"sceneViewState":{"showFog":false,"showMaterialUpdate":false,"showSkybox":false,"showFlares":false,"showImageEffects":false,"showParticleSystems":false,"showVisualEffectGraphs":true,"m_FxEnabled":true},"in2DMode":false,"pivot":{"x":1.4110835790634156,"y":0.7466080188751221,"z":0.30664128065109255},"rotation":{"x":-0.07073750346899033,"y":-0.45978274941444399,"z":0.03677384555339813,"w":-0.8844496607780457},"size":0.9409167170524597,"orthographic":false}